Project Title,Category,Key Metric,Status,Challenge/Solution,Potential Improvement
City Hospital Daily Restock,Supply Chain,12k Units/Day,DONE,"High volume demand / Pre-sorted palletization","Add warehouse-to-hospital loading dock photo."
Emergency Vaccine Drive,Cold Chain,100% Temp Integrity,DONE,"2-8Â°C maintenance / IoT real-time monitoring","Add a sample temperature log chart/graph."
Urgent Heart Care,Emergency,45min Avg Delivery,DONE,"Unpredictable demand / Red Line motorcycle couriers","Add a 'Heat Map' showing delivery times in traffic."
Clinic Network Support,Supply Chain,200+ Clinics Served,DONE,"Fragmented orders / AI-driven route clustering","Add a 'Network Growth' chart over the last year."
Rare Disease Home Care,Specialized,Zero Errors,DONE,"Privacy requirements / White-glove ID checks","Add a patient-safety certification badge."
24/7 Oncology Response,Emergency,24/7 Availability,DONE,"Time-sensitive schedules / Overnight Quiet Fleet","Add a 'Night-Shift Support' highlight card."
Dermatology Distribution,Specialized,50+ Retailers,DONE,"Batch-tracked solutions / Climate micro-vans","Add a list of supported retail pharmacy logos."
Orthopedic Support Link,Supply Chain,1000+ Implants/Mo,DONE,"Bulky high-value items / Hydraulic lift vehicles","Add an image of the specialized handling equipment."
City-Wide COVID Defense,Emergency,2hr Hub Response,DONE,"Massive demand spikes / Elastic surge capacity","Add a 'Pandemic Response' legacy badge."
Advanced Neuro-Support,Specialized,99.9% Sample Integrity,DONE,"Precision timing requirement / Vibration-dampened containers","Add a technical spec sheet link for containers."
[NEW] Global Pharma Sync,Corporate,99.99% Accuracy,PENDING,"Integration with MNC inventory systems / API Sync","Add a 'Partner Portal' login preview."
[NEW] Rural Outreach 1.0,Social Impact,60% Improved Reach,PENDING,"Bad road conditions / 4x4 Off-road fleet","Add a video of delivering to remote village clinics."
[NEW] Green Logistics 2026,Sustainability,30% Less Carbon,PENDING,"High fuel costs / Solar-electric delivery vans","Add a 'Sustainability Score' tracker."
