No.,What to Add,Why it's Good ,How it Helps Your Business,
1,Real Work Stories,Shows you have already done this work before.,It makes customers trust you instantly.,
2,Success Numbers,Shows how big and fast your team is.,Proves you are a leader in the city.,
3,Cold Medicine Safety,Shows you keep expensive medicines very cold.,Doctors will know their medicine is safe with you.,
4,Delivery Map,Shows every city and area you reach.,Proves you can deliver anywhere, even far away.
5,Big Partner Logos,Shows you work with famous brands (like GSK).,Makes you look like a high-quality global partner.,
6,Truck & Van Photos,Shows the actual vehicles you use every day.,Proves you have the 'power' to deliver on time.,
7,Emergency Response,Shows you save lives during urgent times.,Makes you the #1 choice for hospitals.,
8,Legal Certificates,Shows you follow all the government rules.,Removes any worry about your quality.,
9,Mobile Tracking,Shows you use modern apps to track orders.,Makes you look like a modern, hi-tech company.
10,Call to Action,"A big button to ""Start Working Together"".",Helps you get more new clients from the website.,
