Status,Project Name,District,Metric,Current Solution,Expansion Idea
DONE,City Hospital Daily Restock,Central,12k/Day,Synchronized dawn slots,Add photos of hospital loading bays.
DONE,Emergency Vaccine Drive,Metro,100% Integrity,IoT Temp Monitoring,Show a 'Real temperature graph' image.
DONE,Urgent Heart Care,North Wing,45m Delivery,Red Line motorcycle fleet,Show a map of traffic bypass routes.
DONE,Clinic Network Support,Suburbs,200+ Served,AI route clustering,Add a 'Partner Satisfaction' rating.
DONE,Rare Disease Home Care,City-Wide,Zero Errors,White-glove ID checks,Add a certificate for patient privacy.
DONE,24/7 Oncology Response,Cancer Center,24/7 Availability,Quiet Fleet overnight,Show a 'Night shift ops' photo.
DONE,Dermatology Distribution,Retail Zone,50+ Shops,Climate micro-vans,Add a grid of pharmacy store logos.
DONE,Orthopedic Support Link,South District,1000+ Implants,Hydraulic lift vehicles,Add video of heavy equipment handling.
DONE,City-Wide COVID Defense,Municipal,2hr Response,Elastic surge capacity,Add a 'Public Health Award' icon.
DONE,Advanced neuro-Support,Research Park,99.9% Integrity,Vibration-dampened bins,Add a technical safety spec PDF.
PLANNED,MNC Partner Sync,Corporate Hub,99.99% Accuracy,API Real-time Inventory,Show a 'Partner Dashboard' preview.
PLANNED,Rural Reach Alpha,Outer Villages,60% Coverage,4x4 Off-road fleet,Add a 'Mission to Remote Areas' video.
PLANNED,Solar Logistics,Warehouse,30% Green,Solar-powered cold bins,Add a 'CO2 Reduction' tracker.
